registration_no,wgpa,performance_variance,fail_count,avg_gp,last_gp,gp_trend,actual_cg
2411001,9.100000,1.1111111111111112,0,9.000000,9.0,0.125,8.55
2411002,7.4,2.0246913580246915,0,7.555555555555555,6.0,-0.125,6.59
2411003,8.2,1.1111111111111112,0,8.333333333333334,7.0,-0.125,7.41
2411004,9.366666666666667,0.4444444444444444,0,9.333333333333334,10.0,0.125,8.59
2411005,6.6,4.54320987654321,0,6.888888888888889,4.0,-0.125,5.87
2411006,8.266666666666667,0.6666666666666667,0,8.333333333333334,8.0,0.0,7.84
2411007,7.533333333333333,2.0,0,7.666666666666667,6.0,0.0,6.41
2411008,7.133333333333334,2.6666666666666665,0,7.333333333333333,5.0,0.0,6.24
2411009,5.466666666666667,11.50617283950617,2,5.777777777777778,0.0,-0.625,5.66
2411010,8.066666666666666,3.5061728395061724,0,8.222222222222221,5.0,-0.125,7.1
2411011,8.1,2.617283950617284,0,8.222222222222221,6.0,-0.25,7.18
2411012,7.4,9.358024691358024,1,7.555555555555555,6.0,0.0,7.29
2411013,9.266666666666667,0.2222222222222222,0,9.333333333333334,9.0,0.0,8.83
2411014,9.433333333333334,0.24691358024691354,0,9.444444444444445,9.0,0.0,8.66
2411015,6.066666666666666,8.69135802469136,1,6.444444444444445,0.0,-0.625,5.72
2411016,7.766666666666667,0.9876543209876544,0,7.888888888888889,7.0,0.0,7.17
2411017,5.1,10.691358024691358,2,5.444444444444445,0.0,-0.5,5.46
2411018,8.3,1.5555555555555556,0,8.333333333333334,6.0,-0.25,6.96
2411019,8.7,1.0617283950617287,0,8.777777777777779,8.0,0.0,7.44
2411020,8.766666666666667,0.8395061728395061,0,8.777777777777779,9.0,0.125,8.26
2411021,8.633333333333333,1.5061728395061726,0,8.777777777777779,8.0,0.25,7.85
2411022,8.533333333333333,1.3333333333333333,0,8.666666666666666,6.0,-0.25,7.94
2411023,6.733333333333333,8.395061728395062,1,6.777777777777778,5.0,0.0,6.66
2411024,8.8,0.9876543209876544,0,8.88888888888889,9.0,0.125,7.98
2411025,7.266666666666667,3.3580246913580245,0,7.555555555555555,5.0,-0.125,6.76
2411026,8.433333333333334,1.5802469135802468,0,8.444444444444445,9.0,0.125,7.71
2411028,8.033333333333333,1.728395061728395,0,8.222222222222221,8.0,0.0,7.09
2411029,7.266666666666667,2.691358024691358,0,7.444444444444445,5.0,-0.125,6.45
2411030,8.966666666666667,0.6666666666666666,0,9.0,8.0,-0.125,8.49
2411031,8.466666666666667,1.8024691358024691,0,8.555555555555555,8.0,0.125,7.7
2411032,9.033333333333333,0.9876543209876544,0,9.11111111111111,9.0,0.0,9.15
2411033,7.933333333333334,2.54320987654321,0,8.11111111111111,6.0,0.0,6.99
2411034,8.833333333333334,0.7654320987654321,0,8.88888888888889,8.0,-0.125,7.57
2411035,8.0,1.654320987654321,0,8.11111111111111,7.0,0.0,7.57
2411036,9.166666666666666,0.3950617283950617,0,9.222222222222221,9.0,0.0,8.99
2411037,8.4,1.1358024691358024,0,8.444444444444445,7.0,0.0,7.71
2411038,7.366666666666666,2.691358024691358,0,7.555555555555555,6.0,0.0,7.15
2411039,8.366666666666667,1.5802469135802468,0,8.444444444444445,9.0,0.25,8.11
2411040,7.7,1.432098765432099,0,7.888888888888889,7.0,0.125,7.3
2411041,8.8,2.098765432098765,0,8.88888888888889,7.0,-0.125,7.76
2411042,3.2,14.765432098765428,4,3.888888888888889,0.0,0.0,4.6
2411043,8.0,1.8765432098765433,0,8.11111111111111,6.0,-0.125,7.7
2411044,6.5,3.9506172839506175,0,6.777777777777778,7.0,0.25,6.12
2411046,8.5,0.8888888888888888,0,8.666666666666666,8.0,0.125,8.45
2411047,8.533333333333333,0.8888888888888888,0,8.666666666666666,9.0,0.125,7.48
2411048,6.2,7.333333333333333,1,6.333333333333333,4.0,-0.125,5.77
2411049,7.033333333333333,4.0,0,7.333333333333333,5.0,-0.125,6.34
2411050,7.7,2.3209876543209877,0,7.888888888888889,5.0,-0.25,6.98
2411051,8.633333333333333,1.2839506172839508,0,8.777777777777779,7.0,-0.125,8.12
2411052,8.333333333333334,1.5802469135802468,0,8.444444444444445,8.0,0.0,7.71
2411053,8.1,2.6172839506172845,0,8.222222222222221,7.0,0.0,7.27
2411054,9.1,1.0617283950617284,0,9.222222222222221,9.0,0.125,8.88
2411055,5.366666666666666,9.209876543209877,1,5.888888888888889,4.0,0.0,5.56
2411056,8.6,1.7777777777777777,0,8.666666666666666,7.0,-0.125,7.55
2411057,7.866666666666666,2.54320987654321,0,8.11111111111111,6.0,-0.125,7.4
2411059,6.366666666666666,3.999999999999999,0,6.666666666666667,5.0,0.125,6.26
2411060,5.966666666666667,4.0,0,6.333333333333333,4.0,-0.125,5.96
2411061,7.266666666666667,4.0246913580246915,0,7.444444444444445,5.0,-0.125,6.44
2411062,6.133333333333334,5.580246913580247,0,6.555555555555555,5.0,0.0,5.62
2411063,8.133333333333333,1.9506172839506175,0,8.222222222222221,9.0,0.125,7.35
2411064,7.5,3.111111111111111,0,7.666666666666667,7.0,0.125,6.85
2411066,6.0,2.3950617283950617,0,6.222222222222222,5.0,0.0,4.84
2411067,6.766666666666667,4.320987654320987,0,7.111111111111111,6.0,0.25,6.63
2411069,4.6,16.098765432098766,3,5.111111111111111,0.0,0.0,3.99
2411070,8.033333333333333,1.506172839506173,0,8.222222222222221,7.0,0.0,7.43
2411071,6.333333333333333,4.222222222222222,0,6.666666666666667,5.0,0.0,6.02
2411072,10.0,0.0,0,10.0,10.0,0.0,8.78
2411073,8.833333333333334,1.7777777777777777,0,9.0,8.0,0.25,7.43
2411074,8.133333333333333,1.3333333333333333,0,8.333333333333334,8.0,0.125,6.67
2411076,8.466666666666667,1.5555555555555556,0,8.666666666666666,7.0,-0.125,7.9
2411077,8.966666666666667,0.7654320987654321,0,9.11111111111111,8.0,0.0,8.04
2411078,6.666666666666667,4.666666666666667,0,7.0,5.0,0.0,6.09
2411079,6.266666666666667,9.135802469135802,1,6.555555555555555,4.0,-0.125,5.34
2411080,8.733333333333333,1.432098765432099,0,8.88888888888889,7.0,0.0,8.3
2411081,7.5,1.9999999999999996,0,7.666666666666667,8.0,0.375,6.24
2411082,9.1,0.32098765432098764,0,9.11111111111111,8.0,-0.125,7.88
2411083,9.1,0.5432098765432098,0,9.11111111111111,8.0,-0.125,8.21
2411084,6.966666666666667,1.728395061728395,0,7.222222222222222,6.0,-0.125,6.13
2411086,6.566666666666666,3.8765432098765427,0,6.888888888888889,4.0,-0.125,5.84
2411087,4.366666666666666,14.098765432098766,3,4.888888888888889,0.0,0.0,4.5
2411089,6.533333333333333,2.3950617283950617,0,6.777777777777778,5.0,-0.25,5.65
2411091,8.233333333333333,0.6666666666666667,0,8.333333333333334,9.0,0.0,7.73
2411092,7.833333333333333,1.3333333333333333,0,8.0,8.0,0.375,7.39
2411095,8.4,1.3580246913580245,0,8.444444444444445,8.0,0.25,7.51
2411096,7.4,2.4444444444444446,0,7.666666666666667,5.0,-0.125,6.48
2411097,8.133333333333333,1.2839506172839503,0,8.222222222222221,8.0,0.0,7.43
2411099,7.966666666666667,1.2098765432098766,0,8.11111111111111,7.0,0.0,7.02
2411100,6.8,2.3209876543209877,0,7.111111111111111,7.0,0.25,6.61
2411101,7.6,2.1728395061728394,0,7.777777777777778,7.0,0.25,6.84
2411102,9.4,0.24691358024691354,0,9.444444444444445,9.0,0.0,7.98
2411103,9.0,0.4444444444444444,0,9.0,9.0,0.125,8.07
2411104,9.233333333333333,0.1728395061728395,0,9.222222222222221,9.0,0.0,7.95
2411105,7.766666666666667,1.432098765432099,0,7.888888888888889,8.0,0.25,6.93
2411106,7.333333333333333,2.4691358024691357,0,7.555555555555555,8.0,0.375,6.79
2411107,2.033333333333333,16.76543209876543,6,2.888888888888889,0.0,0.0,2.6
2411108,8.266666666666667,0.4444444444444444,0,8.333333333333334,9.0,0.125,7.37
2411109,8.166666666666666,1.0617283950617284,0,8.222222222222221,7.0,-0.125,7.46
2411110,8.6,0.6666666666666667,0,8.666666666666666,9.0,0.0,7.51
2411111,8.766666666666667,0.1728395061728395,0,8.777777777777779,9.0,0.0,7.96
2411112,8.766666666666667,0.5432098765432098,0,8.88888888888889,8.0,0.0,7.56
2411113,9.233333333333333,0.3950617283950617,0,9.222222222222221,9.0,0.0,8.55
2411114,6.866666666666666,2.54320987654321,0,7.111111111111111,6.0,0.0,6.43
2411115,8.5,1.1358024691358024,0,8.555555555555555,8.0,0.125,7.18
2411116,9.466666666666667,0.24691358024691354,0,9.444444444444445,9.0,-0.125,8.2
2411117,9.366666666666667,0.2222222222222222,0,9.333333333333334,9.0,0.0,8.4
2411118,7.466666666666667,1.3333333333333333,0,7.666666666666667,6.0,0.0,7.2
2411119,8.333333333333334,0.691358024691358,0,8.444444444444445,9.0,0.25,7.76
2411120,8.233333333333333,0.6666666666666667,0,8.333333333333334,7.0,-0.125,7.26
2411121,8.633333333333333,1.0617283950617287,0,8.777777777777779,9.0,0.0,7.99
2411125,3.933333333333333,18.024691358024693,4,4.555555555555555,0.0,0.0,3.94
2411126,9.2,0.3950617283950617,0,9.222222222222221,9.0,0.0,7.49
2411127,8.233333333333333,1.3333333333333333,0,8.333333333333334,7.0,0.0,7.5
2411128,9.366666666666667,0.8888888888888888,0,9.333333333333334,10.0,0.0,8.17
2411129,7.366666666666666,2.6666666666666665,0,7.666666666666667,5.0,-0.125,6.04
2411131,7.133333333333334,3.3333333333333335,0,7.333333333333333,6.0,-0.125,6.3
2411132,8.2,1.1111111111111112,0,8.333333333333334,7.0,-0.25,7.46
2411133,6.7,3.5555555555555554,0,7.0,5.0,-0.125,3.99
2411134,8.9,0.6666666666666666,0,9.0,9.0,-0.125,7.9
2411135,8.433333333333334,1.5802469135802468,0,8.555555555555555,7.0,-0.375,7.29
2411136,8.033333333333333,1.7283950617283952,0,8.222222222222221,7.0,0.125,7.28
2411137,8.733333333333333,1.506172839506173,0,8.777777777777779,7.0,0.0,7.43
2411139,8.766666666666667,0.6172839506172838,0,8.777777777777779,8.0,0.0,7.04
2411140,7.866666666666666,3.111111111111111,0,8.0,6.0,0.125,6.96
2411141,8.766666666666667,0.5432098765432098,0,8.88888888888889,8.0,0.0,8.06
2411142,6.633333333333334,3.5555555555555554,0,7.0,6.0,0.125,5.82
2411144,8.6,0.6666666666666666,0,8.666666666666666,7.0,-0.25,7.77
2411146,9.166666666666666,0.6172839506172838,0,9.222222222222221,9.0,0.125,7.93
2411150,7.8,2.54320987654321,0,8.11111111111111,8.0,0.125,6.77
2411151,9.066666666666666,0.5432098765432098,0,9.11111111111111,9.0,0.125,7.61
2411152,6.133333333333334,8.469135802469134,1,6.444444444444445,6.0,0.75,6.12
2411154,5.066666666666666,13.11111111111111,2,5.666666666666667,5.0,0.625,4.33
2411155,4.566666666666666,7.876543209876543,1,5.111111111111111,4.0,0.5,4.57
2411156,3.7666666666666666,13.11111111111111,3,4.333333333333333,5.0,0.625,4.06
2412001,36.7,4332.098765432099,0,31.88888888888889,218.0,26.0,0.0
2412002,40.1,5253.555555555556,0,35.0,240.0,28.75,0.0
2412004,40.03333333333333,5253.777777777777,0,35.0,240.0,28.75,0.0
2412005,41.36666666666667,5612.3209876543215,0,36.111111111111114,248.0,29.875,0.0
2412006,36.266666666666666,4248.666666666667,0,31.666666666666668,216.0,25.875,0.0
2412007,41.03333333333333,5524.395061728395,0,35.77777777777778,246.0,29.5,0.0
2412008,42.06666666666667,5796.222222222223,0,36.666666666666664,252.0,30.25,0.0
2412009,39.63333333333333,5174.024691358025,0,34.55555555555556,238.0,28.5,0.0
2412010,38.8,4906.543209876543,0,33.888888888888886,232.0,27.875,0.0
2412011,40.8,5431.580246913581,0,35.55555555555556,244.0,29.25,0.0
2412012,39.46666666666667,5078.691358024691,0,34.44444444444444,236.0,28.375,0.0
2412013,37.06666666666667,4492.024691358023,0,32.44444444444444,222.0,26.75,0.0
2412014,37.766666666666666,4656.888888888889,0,33.0,226.0,27.25,0.0
2412015,36.4,4335.283950617285,0,31.77777777777778,218.0,26.125,0.0
2412016,34.9,3941.5802469135797,0,30.444444444444443,208.0,25.0,0.0
2412017,42.03333333333333,5796.222222222223,0,36.666666666666664,252.0,30.25,0.0
2412018,38.03333333333333,4743.061728395061,0,33.22222222222222,228.0,27.5,0.0
2412019,37.4,4571.950617283951,0,32.77777777777778,224.0,27.0,0.0
2412020,39.1,4994.765432098766,0,34.111111111111114,234.0,28.125,0.0
2412021,38.766666666666666,4906.9876543209875,0,33.888888888888886,232.0,27.875,0.0
2412022,38.06666666666667,4742.617283950617,0,33.22222222222222,228.0,27.375,0.0
2412023,24.066666666666666,1778.4444444444443,1,21.0,140.0,16.75,0.0
2412024,40.86666666666667,5530.88888888889,0,35.666666666666664,246.0,29.5,0.0
2412025,35.1,4020.8888888888896,0,30.666666666666668,210.0,25.125,0.0
2412026,36.4,4335.283950617285,0,31.77777777777778,218.0,26.25,0.0
2412027,26.266666666666666,2211.2098765432097,0,23.11111111111111,156.0,19.0,0.0
2412028,40.333333333333336,5345.283950617284,0,35.22222222222222,242.0,29.0,0.0
2412029,40.733333333333334,5431.580246913581,0,35.55555555555556,244.0,29.25,0.0
2412030,41.4,5612.543209876543,0,36.111111111111114,248.0,29.75,0.0
2412031,40.06666666666667,5253.555555555556,0,35.0,240.0,28.875,0.0
2412032,38.8,4906.543209876543,0,33.888888888888886,232.0,28.0,0.0
2412033,40.03333333333333,5253.555555555556,0,35.0,240.0,28.875,0.0
2412034,26.466666666666665,2208.1728395061727,0,23.22222222222222,156.0,18.75,0.0
2412035,38.46666666666667,4824.246913580248,0,33.55555555555556,230.0,27.625,0.0
2412037,41.4,5612.543209876543,0,36.111111111111114,248.0,29.75,0.0
2412038,42.03333333333333,5796.222222222223,0,36.666666666666664,252.0,30.25,0.0
2412039,40.7,5431.580246913581,0,35.55555555555556,244.0,29.25,0.0
2412040,42.7,5983.0617283950605,0,37.22222222222222,256.0,30.75,0.0
2412042,36.733333333333334,4413.432098765432,0,32.111111111111114,220.0,26.375,0.0
2412043,41.7,5706.888888888888,0,36.333333333333336,250.0,30.0,0.0
2412044,37.166666666666664,4492.691358024691,0,32.44444444444444,222.0,26.5,0.0
2412045,38.06666666666667,4742.83950617284,0,33.22222222222222,228.0,27.25,0.0
2412046,42.03333333333333,5796.222222222223,0,36.666666666666664,252.0,30.25,0.0
2412047,39.5,5078.469135802468,0,34.44444444444444,236.0,28.375,0.0
2412048,31.433333333333334,3145.8024691358023,0,27.444444444444443,186.0,22.25,0.0
2412049,35.266666666666666,4016.1728395061737,0,30.77777777777778,210.0,25.25,0.0
2412050,40.166666666666664,5253.555555555556,0,35.0,240.0,28.75,0.0
2412051,40.1,5253.555555555556,0,35.0,240.0,28.75,0.0
2412052,36.63333333333333,4330.9876543209875,0,31.88888888888889,218.0,26.25,0.0
2412053,36.9,4408.617283950617,0,32.22222222222222,220.0,26.5,0.0
2412054,34.6,3863.7283950617284,0,30.22222222222222,206.0,24.75,0.0
2412056,40.13333333333333,5253.777777777777,0,35.0,240.0,28.75,0.0
2412057,39.43333333333333,5083.999999999999,0,34.333333333333336,236.0,28.25,0.0
2412058,28.133333333333333,2500.888888888889,0,24.666666666666668,166.0,20.0,0.0
2412059,39.766666666666666,5168.444444444444,0,34.666666666666664,238.0,28.5,0.0
2412060,29.066666666666666,2687.8024691358023,0,25.444444444444443,172.0,20.625,0.0
2412061,33.5,3642.0,0,29.333333333333332,200.0,24.125,0.0
2412062,21.466666666666665,1396.1728395061732,2,18.77777777777778,124.0,14.75,0.0
2412063,33.666666666666664,3638.4691358024684,0,29.444444444444443,200.0,24.0,0.0
2412064,43.333333333333336,6172.83950617284,0,37.77777777777778,260.0,31.25,0.0
2412065,40.13333333333333,5253.555555555556,0,35.0,240.0,28.75,0.0
2412066,40.766666666666666,5431.358024691359,0,35.55555555555556,244.0,29.25,0.0
2412067,33.166666666666664,3571.777777777778,0,29.0,198.0,24.0,0.0
2412068,39.06666666666667,4994.9876543209875,0,34.111111111111114,234.0,28.0,0.0
2412069,23.333333333333332,1728.6913580246915,0,20.555555555555557,138.0,16.5,0.0
2412070,27.2,2384.0,0,24.0,162.0,19.625,0.0
2412071,41.36666666666667,5612.3209876543215,0,36.111111111111114,248.0,29.75,0.0
2412072,40.13333333333333,5253.555555555556,0,35.0,240.0,28.75,0.0
2412073,38.5,4824.246913580248,0,33.55555555555556,230.0,27.625,0.0
2412074,36.53333333333333,4330.3209876543215,0,31.88888888888889,218.0,26.25,0.0
2412075,41.36666666666667,5612.3209876543215,0,36.111111111111114,248.0,29.875,0.0
2412076,33.233333333333334,3571.1111111111113,0,29.0,198.0,23.75,0.0
2412077,42.333333333333336,5892.3209876543215,0,36.888888888888886,254.0,30.5,0.0
2412078,31.166666666666668,3079.654320987654,0,27.11111111111111,184.0,22.125,0.0
2412079,18.833333333333332,1057.5802469135804,2,16.555555555555557,108.0,13.0,0.0
2412080,29.0,2688.0246913580245,0,25.444444444444443,172.0,20.75,0.0
2412081,30.8,3010.765432098766,0,26.88888888888889,182.0,21.75,0.0
2412082,40.7,5431.580246913581,0,35.55555555555556,244.0,29.375,0.0
2412083,41.36666666666667,5612.543209876543,0,36.111111111111114,248.0,29.75,0.0
2412084,40.766666666666666,5431.358024691359,0,35.55555555555556,244.0,29.25,0.0
2412085,40.36666666666667,5344.83950617284,0,35.22222222222222,242.0,29.0,0.0
2412086,41.63333333333333,5706.888888888888,0,36.333333333333336,250.0,30.0,0.0
2412087,39.733333333333334,5168.444444444444,0,34.666666666666664,238.0,28.625,0.0
2412088,31.433333333333334,3219.5802469135806,0,27.555555555555557,188.0,22.5,0.0
2412089,33.333333333333336,3567.432098765432,0,29.11111111111111,198.0,23.75,0.0
2412090,38.56666666666667,4917.333333333334,0,33.666666666666664,232.0,27.875,0.0
2412091,35.1,4021.333333333334,0,30.666666666666668,210.0,25.125,0.0
2412092,36.46666666666667,4330.9876543209875,0,31.88888888888889,218.0,26.375,0.0
2412093,37.5,4576.666666666667,0,32.666666666666664,224.0,26.875,0.0
2412094,40.6,5437.135802469134,0,35.44444444444444,244.0,29.375,0.0
2412095,40.4,5345.061728395061,0,35.22222222222222,242.0,29.125,0.0
2412096,36.666666666666664,4418.222222222223,0,32.0,220.0,26.5,0.0
2412097,34.56666666666667,3863.5061728395062,0,30.22222222222222,206.0,24.875,0.0
2412098,34.46666666666667,3868.320987654321,0,30.11111111111111,206.0,24.875,0.0
2412099,39.8,5168.444444444444,0,34.666666666666664,238.0,28.625,0.0
2412101,38.6,4912.395061728395,0,33.77777777777778,232.0,27.875,0.0
2412102,12.5,471.77777777777777,3,11.0,72.0,9.0,0.0
2412103,41.266666666666666,5618.444444444444,0,36.0,248.0,29.75,0.0
2412104,38.36666666666667,4824.246913580248,0,33.55555555555556,230.0,27.625,0.0
2412105,41.63333333333333,5706.888888888888,0,36.333333333333336,250.0,30.0,0.0
2412106,41.7,5706.888888888888,0,36.333333333333336,250.0,30.0,0.0
2412107,37.43333333333333,4576.444444444444,0,32.666666666666664,224.0,26.875,0.0
2412108,41.36666666666667,5612.3209876543215,0,36.111111111111114,248.0,29.75,0.0
2412109,38.7,4911.728395061729,0,33.77777777777778,232.0,28.0,0.0
2412110,34.733333333333334,3942.691358024691,0,30.444444444444443,208.0,25.125,0.0
2412111,38.8,4906.543209876543,0,33.888888888888886,232.0,28.0,0.0
2412112,38.43333333333333,4824.469135802469,0,33.55555555555556,230.0,27.75,0.0
2412113,40.43333333333333,5344.83950617284,0,35.22222222222222,242.0,29.0,0.0
2412114,37.166666666666664,4492.913580246914,0,32.44444444444444,222.0,26.75,0.0
2412115,39.03333333333333,4994.9876543209875,0,34.111111111111114,234.0,28.25,0.0
2412116,35.36666666666667,4096.888888888889,0,31.0,212.0,25.5,0.0
2412117,39.46666666666667,5078.469135802468,0,34.44444444444444,236.0,28.375,0.0
2412119,37.6,4571.728395061729,0,32.77777777777778,224.0,27.0,0.0
2412120,37.36666666666667,4577.111111111111,0,32.666666666666664,224.0,26.875,0.0
2412121,38.46666666666667,4824.691358024692,0,33.55555555555556,230.0,27.625,0.0
2412122,39.766666666666666,5168.222222222223,0,34.666666666666664,238.0,28.625,0.0
2412123,35.46666666666667,4095.777777777778,0,31.0,212.0,25.625,0.0
2412124,40.3,5344.83950617284,0,35.22222222222222,242.0,29.125,0.0
2412125,41.36666666666667,5612.543209876543,0,36.111111111111114,248.0,30.0,0.0
2412126,38.63333333333333,4912.172839506174,0,33.77777777777778,232.0,27.875,0.0
2412127,25.066666666666666,1988.4444444444443,0,22.0,148.0,18.0,0.0
2412128,35.666666666666664,4177.283950617283,0,31.22222222222222,214.0,26.0,0.0
2412129,40.7,5431.358024691359,0,35.55555555555556,244.0,29.375,0.0
2412130,29.633333333333333,2818.765432098766,0,25.88888888888889,176.0,21.375,0.0
2412131,33.8,3717.8024691358028,0,29.555555555555557,202.0,24.375,0.0
2412132,32.46666666666667,3427.8024691358023,0,28.444444444444443,194.0,23.375,0.0
2412133,29.533333333333335,2822.3950617283954,0,25.77777777777778,176.0,21.375,0.0
2412134,36.7,4413.432098765432,0,32.111111111111114,220.0,26.625,0.0
2412135,33.43333333333333,3642.8888888888887,0,29.333333333333332,200.0,24.375,0.0
2412136,40.666666666666664,5432.024691358025,0,35.55555555555556,244.0,29.25,0.0
2412137,39.6,5173.802469135803,0,34.55555555555556,238.0,28.625,0.0
2412138,37.06666666666667,4492.246913580246,0,32.44444444444444,222.0,26.75,0.0
2412139,34.46666666666667,3864.1728395061727,0,30.22222222222222,206.0,24.75,0.0
2412140,36.46666666666667,4330.3209876543215,0,31.88888888888889,218.0,26.25,0.0
2412141,39.96666666666667,5258.9876543209875,0,34.888888888888886,240.0,28.875,0.0
2412142,33.8,3718.2469135802476,0,29.555555555555557,202.0,24.375,0.0
2412143,32.266666666666666,3354.617283950617,0,28.22222222222222,192.0,23.125,0.0
2412144,36.733333333333334,4413.432098765432,0,32.111111111111114,220.0,26.375,0.0
2412145,33.53333333333333,3638.9135802469127,0,29.444444444444443,200.0,24.375,0.0
2412146,11.366666666666667,373.95061728395063,4,10.222222222222221,64.0,8.0,0.0
2412148,40.3,5345.061728395061,0,35.22222222222222,242.0,29.0,0.0
2412149,36.733333333333334,4413.432098765432,0,32.111111111111114,220.0,26.625,0.0
2412150,39.03333333333333,4995.20987654321,0,34.111111111111114,234.0,28.375,0.0
2412151,34.1,3790.765432098766,0,29.88888888888889,204.0,24.75,0.0
2412152,25.433333333333334,2042.0,0,22.333333333333332,150.0,18.25,0.0
2412153,39.96666666666667,5258.9876543209875,0,34.888888888888886,240.0,28.875,0.0
2412154,39.766666666666666,5168.222222222223,0,34.666666666666664,238.0,28.625,0.0
2412155,28.533333333333335,2629.777777777778,0,25.0,170.0,20.625,0.0
2412156,34.333333333333336,3868.765432098766,0,30.11111111111111,206.0,25.125,0.0
2412157,17.133333333333333,912.098765432099,2,14.88888888888889,100.0,12.0,0.0
2412158,28.633333333333333,2626.765432098766,0,25.11111111111111,170.0,20.625,0.0
2412159,41.43333333333333,5612.3209876543215,0,36.111111111111114,248.0,29.75,0.0
2412160,38.1,4742.617283950617,0,33.22222222222222,228.0,27.5,0.0
2412161,39.06666666666667,4994.9876543209875,0,34.111111111111114,234.0,28.0,0.0
2412162,37.36666666666667,4576.666666666667,0,32.666666666666664,224.0,27.125,0.0
2412163,32.166666666666664,3355.0617283950614,0,28.22222222222222,192.0,23.375,0.0
2412164,30.8,3082.6666666666665,0,27.0,184.0,22.375,0.0
2412165,21.4,1442.6666666666667,2,19.0,126.0,15.75,0.0
2412166,21.3,1442.6172839506173,1,18.77777777777778,126.0,15.75,0.0
2412167,31.266666666666666,3148.6666666666665,0,27.333333333333332,186.0,22.375,0.0
2412168,22.466666666666665,1579.8765432098767,1,19.88888888888889,132.0,16.5,0.0
2412169,25.033333333333335,1988.4444444444443,0,22.0,148.0,18.0,0.0
2412170,25.233333333333334,2046.7654320987651,0,22.11111111111111,150.0,18.125,0.0
2412171,19.466666666666665,1225.5555555555557,2,17.333333333333332,116.0,14.5,0.0
2412172,26.966666666666665,2273.3580246913584,2,23.555555555555557,158.0,19.75,0.0
2412173,21.6,1442.888888888889,2,19.0,126.0,15.75,0.0
2412174,27.033333333333335,2273.3580246913584,2,23.555555555555557,158.0,18.75,0.0
2412175,20.7,1351.358024691358,2,18.444444444444443,122.0,15.25,0.0
2412176,23.633333333333333,1781.8765432098764,1,20.88888888888889,140.0,17.0,0.0
2412177,20.4,1306.617283950617,2,18.22222222222222,120.0,15.0,0.0
2412178,23.533333333333335,1784.5432098765432,2,20.88888888888889,140.0,17.5,0.0
2412179,35.46666666666667,4096.666666666667,0,31.0,212.0,25.75,0.0
2412180,15.3,704.0246913580246,3,13.555555555555555,88.0,11.0,0.0
2412181,42.666666666666664,5983.0617283950605,0,37.22222222222222,256.0,30.75,0.0
2412182,40.1,5253.555555555556,0,35.0,240.0,28.75,0.0
2412183,41.36666666666667,5612.543209876543,0,36.111111111111114,248.0,29.75,0.0
2412184,37.7,4657.333333333333,0,33.0,226.0,27.375,0.0
2412185,39.06666666666667,4994.9876543209875,0,34.111111111111114,234.0,28.125,0.0
2412186,40.766666666666666,5431.358024691359,0,35.55555555555556,244.0,29.375,0.0
2412187,41.4,5612.3209876543215,0,36.111111111111114,248.0,29.75,0.0
2412188,41.666666666666664,5706.888888888888,0,36.333333333333336,250.0,30.125,0.0
2412189,41.4,5612.543209876543,0,36.111111111111114,248.0,29.75,0.0
2412190,39.7,5168.444444444444,0,34.666666666666664,238.0,28.75,0.0
2412191,40.36666666666667,5345.061728395061,0,35.22222222222222,242.0,29.0,0.0
2412192,39.166666666666664,4994.9876543209875,0,34.111111111111114,234.0,28.0,0.0
2412193,40.93333333333333,5524.395061728395,0,35.77777777777778,246.0,29.625,0.0
2412194,42.3,5892.3209876543215,0,36.888888888888886,254.0,30.5,0.0
2412195,39.7,5168.222222222223,0,34.666666666666664,238.0,28.625,0.0
2412196,36.36666666666667,4330.9876543209875,0,31.88888888888889,218.0,26.25,0.0
2313131,5.8,13.209876543209877,2,5.888888888888889,6.0,-0.375,5.44
2413001,2.2666666666666666,15.728395061728397,6,2.7777777777777777,0.0,-1.125,3.55
2413003,6.266666666666667,4.469135802469136,0,6.555555555555555,5.0,-0.5,6.85
2413004,7.0,3.728395061728395,0,7.222222222222222,8.0,-0.25,7.24
2413005,6.0,8.0,1,6.333333333333333,7.0,-0.25,6.19
2413006,6.566666666666666,3.0617283950617287,0,6.777777777777778,6.0,-0.375,6.21
2413007,9.433333333333334,0.4691358024691357,0,9.444444444444445,9.0,-0.125,8.5
2413008,7.933333333333334,1.2098765432098766,0,8.11111111111111,8.0,-0.125,7.58
2413009,8.533333333333333,1.3580246913580245,0,8.555555555555555,8.0,-0.25,8.08
2413010,8.033333333333333,2.0987654320987654,0,8.11111111111111,8.0,-0.25,8.02
2413011,8.366666666666667,1.8024691358024691,0,8.444444444444445,9.0,-0.125,7.36
2413012,6.966666666666667,4.54320987654321,0,7.111111111111111,8.0,-0.25,6.99
2413013,8.733333333333333,0.3950617283950617,0,8.777777777777779,8.0,-0.125,7.85
2413014,6.0,8.839506172839505,1,6.222222222222222,5.0,-0.5,5.94
2413015,6.866666666666666,3.8765432098765427,0,7.111111111111111,7.0,-0.375,6.51
2413016,7.3,3.135802469135802,0,7.444444444444445,6.0,-0.5,6.42
2413017,7.866666666666666,1.7777777777777777,0,8.0,7.0,-0.375,7.3
2413018,7.266666666666667,2.9135802469135803,0,7.444444444444445,7.0,-0.375,7.17
2413019,9.6,0.2222222222222222,0,9.666666666666666,9.0,-0.125,9.23
2413020,9.4,0.4691358024691357,0,9.444444444444445,9.0,-0.125,9.04
2413021,7.166666666666667,3.1111111111111107,0,7.333333333333333,7.0,-0.375,7.6
2413022,5.1,8.0,1,5.333333333333333,4.0,-0.625,5.94
2413023,7.733333333333333,1.8765432098765433,0,7.888888888888889,7.0,-0.375,7.35
2413024,6.733333333333333,9.283950617283951,1,6.777777777777778,8.0,-0.25,7.19
2413025,9.533333333333333,0.4691358024691357,0,9.555555555555555,9.0,-0.125,8.85
2413026,5.8,9.777777777777779,1,6.0,5.0,-0.625,6.36
2413027,8.233333333333333,1.7777777777777777,0,8.333333333333334,9.0,-0.125,7.89
2413028,7.033333333333333,2.8395061728395063,0,7.222222222222222,7.0,-0.25,7.11
2413029,7.066666666666666,2.4444444444444446,0,7.333333333333333,6.0,-0.375,6.81
2413030,7.933333333333334,3.0617283950617282,0,8.222222222222221,5.0,-0.625,7.42
2413031,1.8,7.333333333333333,5,2.3333333333333335,0.0,0.0,3.44
2413032,6.266666666666667,4.6913580246913575,0,6.555555555555555,6.0,-0.375,6.26
2413033,4.7,11.432098765432098,2,5.111111111111111,4.0,-0.5,5.14
2413034,9.666666666666666,0.2222222222222222,0,9.666666666666666,10.0,0.0,8.92
2413035,7.966666666666667,1.654320987654321,0,8.11111111111111,8.0,-0.25,8.11
2413036,8.533333333333333,1.1111111111111112,0,8.666666666666666,9.0,-0.125,8.32
2413037,7.966666666666667,0.9876543209876544,0,8.11111111111111,7.0,-0.25,8.02
2413038,7.0,4.617283950617284,0,7.222222222222222,7.0,-0.375,6.76
2413039,7.833333333333333,2.4444444444444446,0,8.0,8.0,-0.25,8.02
2413040,8.4,1.1358024691358024,0,8.555555555555555,9.0,0.125,7.68
2413041,6.733333333333333,4.0,0,7.0,6.0,-0.375,6.18
2413042,7.366666666666666,3.111111111111111,0,7.666666666666667,6.0,-0.5,7.67
2413043,9.233333333333333,0.4444444444444444,0,9.333333333333334,9.0,-0.125,8.62
2413044,8.233333333333333,2.0,0,8.333333333333334,8.0,-0.25,7.67
2413045,8.966666666666667,0.4444444444444444,0,9.0,9.0,-0.125,8.61
2413046,6.533333333333333,8.765432098765432,1,6.888888888888889,6.0,-0.5,6.79
2413047,9.6,0.2222222222222222,0,9.666666666666666,10.0,0.0,9.02
2413048,7.633333333333334,1.506172839506173,0,7.777777777777778,8.0,-0.125,7.14
2413049,7.566666666666666,2.17283950617284,0,7.777777777777778,8.0,-0.125,7.55
2413050,6.866666666666666,4.098765432098766,0,7.111111111111111,7.0,-0.25,7.02
2413051,8.0,2.1728395061728394,0,8.222222222222221,8.0,-0.25,7.64
2413052,6.833333333333333,2.987654320987654,0,7.111111111111111,6.0,-0.25,6.65
2413053,9.3,1.1111111111111112,0,9.333333333333334,10.0,0.0,8.55
2413055,9.766666666666667,0.1728395061728395,0,9.777777777777779,10.0,0.0,8.76
2413056,7.466666666666667,3.111111111111111,0,7.666666666666667,7.0,-0.375,7.54
2413059,8.7,0.8395061728395062,0,8.777777777777779,9.0,0.0,8.07
2413060,8.3,1.1358024691358024,0,8.444444444444445,9.0,0.0,7.73
2413061,5.833333333333333,10.320987654320987,1,6.111111111111111,6.0,-0.5,6.36
2413062,8.033333333333333,1.7283950617283952,0,8.222222222222221,6.0,-0.25,8.29
2413064,7.1,3.111111111111111,0,7.333333333333333,6.0,-0.375,7.1
2413065,9.266666666666667,1.1111111111111112,0,9.333333333333334,10.0,0.0,9.01
2413066,7.3,2.0246913580246915,0,7.444444444444445,7.0,-0.125,7.55
2413067,6.666666666666667,3.111111111111111,0,7.0,6.0,-0.25,6.46
2413068,0.0,0.0,9,0.0,0.0,0.0,5.87
2413070,7.9,2.0987654320987654,0,8.11111111111111,7.0,-0.375,7.44
2413071,7.233333333333333,2.2469135802469133,0,7.444444444444445,6.0,-0.375,6.64
2413072,7.233333333333333,2.9135802469135803,0,7.444444444444445,7.0,-0.25,7.24
2413073,7.233333333333333,1.5802469135802468,0,7.444444444444445,6.0,-0.25,6.77
2413074,9.166666666666666,0.3950617283950617,0,9.222222222222221,9.0,-0.125,8.29
2413075,7.7,1.432098765432099,0,7.888888888888889,7.0,-0.125,7.5
2413077,6.133333333333334,4.0246913580246915,0,6.444444444444445,6.0,-0.25,6.04
2413078,8.7,1.2839506172839508,0,8.777777777777779,9.0,-0.125,7.57
2413079,9.166666666666666,1.0617283950617284,0,9.222222222222221,9.0,-0.125,8.39
2413080,8.1,1.950617283950617,0,8.222222222222221,7.0,-0.375,8.16
2413081,7.333333333333333,3.135802469135802,0,7.555555555555555,6.0,-0.5,7.14
2413083,7.433333333333334,2.444444444444444,0,7.666666666666667,8.0,-0.125,7.6
2413084,8.5,1.1111111111111112,0,8.666666666666666,8.0,-0.25,8.33
2413085,7.6,1.7283950617283952,0,7.777777777777778,8.0,-0.125,6.96
2413086,9.0,0.7654320987654321,0,9.11111111111111,10.0,0.0,8.58
2413087,6.766666666666667,5.111111111111111,0,7.0,6.0,-0.5,6.98
2413088,7.933333333333334,2.54320987654321,0,8.11111111111111,9.0,-0.125,7.9
2413089,6.033333333333333,4.444444444444445,0,6.333333333333333,7.0,-0.125,6.02
2413090,8.7,0.3950617283950617,0,8.777777777777779,8.0,-0.125,8.39
2413091,9.733333333333333,0.1728395061728395,0,9.777777777777779,10.0,0.0,8.96
2413092,7.933333333333334,1.8765432098765433,0,8.11111111111111,7.0,-0.375,8.2
2413093,9.066666666666666,0.9876543209876544,0,9.11111111111111,10.0,0.0,8.04
2413094,8.0,2.0987654320987654,0,8.11111111111111,10.0,0.125,7.87
2413095,7.833333333333333,2.888888888888889,0,8.0,9.0,0.0,7.45
2413096,7.533333333333333,2.617283950617284,0,7.777777777777778,6.0,-0.5,7.3
2413097,5.533333333333333,9.061728395061728,1,5.777777777777778,4.0,-0.625,5.77
2413098,5.0,7.555555555555555,1,5.333333333333333,5.0,-0.5,5.76
2413099,5.966666666666667,9.950617283950617,1,6.222222222222222,6.0,-0.5,6.46
2413100,7.066666666666666,3.7777777777777777,0,7.333333333333333,6.0,-0.5,7.02
2413101,8.666666666666666,1.6543209876543206,0,8.88888888888889,8.0,-0.125,8.48
2413102,6.366666666666666,4.469135802469136,0,6.555555555555555,7.0,-0.375,6.27
2413103,8.466666666666667,0.9135802469135802,0,8.555555555555555,9.0,-0.125,8.15
2413104,6.366666666666666,4.0,0,6.666666666666667,4.0,-0.625,6.87
2413105,4.6,11.432098765432098,2,5.111111111111111,0.0,-1.125,5.42
2413106,2.2666666666666666,15.728395061728397,6,2.7777777777777777,0.0,-1.125,2.93
2413107,6.166666666666667,4.469135802469136,0,6.444444444444445,6.0,-0.375,5.58
2413108,6.933333333333334,3.283950617283951,0,7.222222222222222,7.0,-0.25,7.13
2413110,7.733333333333333,2.9876543209876543,0,7.888888888888889,9.0,-0.125,7.44
2413111,8.333333333333334,1.5802469135802468,0,8.444444444444445,9.0,-0.125,8.15
2413112,6.266666666666667,4.469135802469136,0,6.555555555555555,5.0,-0.5,5.31
2413113,6.733333333333333,8.765432098765432,1,6.888888888888889,7.0,-0.375,7.26
2413114,6.4,5.111111111111111,0,6.666666666666667,7.0,-0.375,7.01
2413115,7.8,2.0,0,8.0,8.0,-0.125,7.5
2413116,7.566666666666666,3.0617283950617287,0,7.777777777777778,7.0,-0.375,6.77
2413117,7.166666666666667,4.469135802469136,0,7.444444444444445,7.0,-0.375,7.21
2413120,2.066666666666667,14.444444444444448,6,2.6666666666666665,0.0,-0.875,3.69
2413121,8.3,1.5802469135802468,0,8.444444444444445,9.0,-0.125,8.33
2413122,7.666666666666667,2.765432098765432,0,7.888888888888889,6.0,-0.5,7.37
2413123,7.8,2.4444444444444446,0,8.0,8.0,-0.25,8.07
2413124,7.766666666666667,3.4320987654320985,0,7.888888888888889,9.0,-0.125,7.77
2413126,7.966666666666667,1.432098765432099,0,8.11111111111111,8.0,-0.25,7.64
2413127,6.7,5.555555555555555,0,7.0,4.0,-0.75,7.04
2413128,8.166666666666666,2.0,0,8.333333333333334,9.0,-0.125,7.98
2413130,7.2,3.580246913580247,0,7.444444444444445,7.0,-0.375,7.26
2413131,8.166666666666666,2.2222222222222223,0,8.333333333333334,9.0,0.0,8.23
2413132,8.566666666666666,1.5802469135802468,0,8.555555555555555,9.0,-0.125,7.81
2413133,9.633333333333333,0.2222222222222222,0,9.666666666666666,10.0,0.0,8.95
2413134,5.766666666666667,4.765432098765433,0,6.111111111111111,4.0,-0.5,5.94
2413135,8.2,1.1111111111111112,0,8.333333333333334,9.0,0.125,7.81
2413136,8.066666666666666,1.2839506172839508,0,8.222222222222221,9.0,0.0,7.98
2413137,6.633333333333334,3.4320987654320985,0,6.888888888888889,6.0,-0.375,6.9
2413138,8.766666666666667,0.7654320987654321,0,8.88888888888889,9.0,0.0,8.46
2413140,8.066666666666666,0.839506172839506,0,8.222222222222221,7.0,-0.125,8.21
2413141,8.7,0.6172839506172838,0,8.777777777777779,9.0,-0.125,8.54
2413142,8.566666666666666,1.3333333333333333,0,8.666666666666666,9.0,-0.125,8.23
2413143,8.033333333333333,1.950617283950617,0,8.222222222222221,9.0,0.0,7.38
2413144,6.633333333333334,1.7283950617283952,0,6.777777777777778,7.0,-0.125,6.65
2413145,8.433333333333334,0.4691358024691357,0,8.555555555555555,8.0,-0.125,7.93
2413147,7.3,2.2469135802469133,0,7.444444444444445,7.0,-0.25,6.64
2413151,8.033333333333333,1.2098765432098766,0,8.11111111111111,9.0,0.125,8.19
2413152,8.166666666666666,1.5555555555555556,0,8.333333333333334,8.0,-0.25,8.46
2413153,8.133333333333333,0.8395061728395062,0,8.222222222222221,8.0,-0.125,8.25
2413154,8.266666666666667,1.8024691358024691,0,8.444444444444445,9.0,-0.125,8.31
2413155,8.6,1.5061728395061726,0,8.777777777777779,8.0,-0.25,8.14
2413156,7.266666666666667,2.4691358024691357,0,7.444444444444445,8.0,-0.125,7.26
2413157,7.866666666666666,1.8765432098765433,0,8.11111111111111,8.0,-0.125,8.13
2413158,5.333333333333333,6.666666666666666,1,5.666666666666667,7.0,-0.125,5.87
2413159,5.766666666666667,5.65432098765432,0,6.111111111111111,6.0,-0.375,5.83
2413160,8.166666666666666,2.0,0,8.333333333333334,8.0,-0.25,8.14
2413161,8.366666666666667,1.5802469135802468,0,8.555555555555555,8.0,-0.25,7.9
2413162,5.466666666666667,8.0,1,5.666666666666667,6.0,-0.375,5.62
2413163,5.7,11.777777777777779,2,6.0,6.0,-0.25,6.12
2413164,2.1333333333333333,15.728395061728394,6,2.7777777777777777,0.0,-0.875,3.31
2413165,3.2666666666666666,13.333333333333336,4,3.6666666666666665,4.0,-0.5,3.57
2413166,8.1,2.0,0,8.333333333333334,7.0,-0.375,8.39
2413167,7.9,1.654320987654321,0,8.11111111111111,8.0,-0.125,8.18
2413168,9.066666666666666,0.7654320987654321,0,9.11111111111111,10.0,0.0,8.58
2413169,8.633333333333333,1.5061728395061726,0,8.777777777777779,9.0,-0.125,8.36
2413170,7.9,1.654320987654321,0,8.11111111111111,8.0,-0.125,8.06
2413171,7.966666666666667,1.2098765432098766,0,8.11111111111111,7.0,-0.25,8.01
2413172,8.133333333333333,1.5555555555555556,0,8.333333333333334,7.0,-0.25,8.08
2413173,8.7,1.506172839506173,0,8.777777777777779,9.0,-0.125,8.18
2414001,3.3333333333333335,12.666666666666668,4,3.6666666666666665,0.0,-0.5,3.36
2414002,4.933333333333334,6.320987654320987,1,5.111111111111111,4.0,0.0,5.02
2414003,9.033333333333333,0.8888888888888888,0,9.0,10.0,0.125,8.6
2414004,8.2,1.0617283950617284,0,8.222222222222221,9.0,0.125,7.68
2414005,7.233333333333333,1.7777777777777777,0,7.333333333333333,8.0,0.375,6.79
2414006,7.766666666666667,1.4320987654320985,0,7.888888888888889,8.0,0.375,7.01
2414007,8.266666666666667,0.4444444444444444,0,8.333333333333334,8.0,0.0,7.7
2414008,7.7,1.506172839506173,0,7.777777777777778,9.0,0.25,7.54
2414009,8.233333333333333,0.3950617283950617,0,8.222222222222221,8.0,0.0,7.69
2414010,8.166666666666666,0.8395061728395061,0,8.222222222222221,10.0,0.375,7.79
2414011,6.433333333333334,4.0,0,6.666666666666667,9.0,0.625,5.82
2414012,7.9,1.2098765432098766,0,7.888888888888889,7.0,0.0,7.3
2414013,7.733333333333333,1.654320987654321,0,7.888888888888889,8.0,0.25,7.2
2414014,8.033333333333333,1.432098765432099,0,8.11111111111111,10.0,0.375,7.93
2414015,9.433333333333334,0.4691358024691357,0,9.444444444444445,10.0,0.25,8.98
2414016,8.1,0.5432098765432098,0,8.11111111111111,8.0,0.0,7.65
2414017,8.333333333333334,0.8888888888888888,0,8.333333333333334,10.0,0.25,7.89
2414018,8.466666666666667,0.691358024691358,0,8.444444444444445,8.0,-0.125,7.75
2414019,9.166666666666666,0.5432098765432098,0,9.11111111111111,10.0,0.25,8.1
2414020,7.033333333333333,4.172839506172839,0,7.222222222222222,9.0,0.5,6.75
2414021,5.433333333333334,12.320987654320987,2,5.888888888888889,8.0,1.0,5.85
2414022,9.466666666666667,0.691358024691358,0,9.444444444444445,10.0,0.25,8.94
2414023,8.933333333333334,0.8888888888888888,0,9.0,10.0,0.375,8.3
2414024,9.2,0.6172839506172838,0,9.222222222222221,9.0,0.125,8.23
2414025,7.0,2.0987654320987654,0,7.111111111111111,7.0,0.375,6.76
2414026,9.066666666666666,0.32098765432098764,0,9.11111111111111,9.0,0.125,8.12
2414027,8.633333333333333,0.4444444444444444,0,8.666666666666666,9.0,0.125,8.14
2414028,8.666666666666666,0.6172839506172838,0,8.777777777777779,8.0,0.0,8.27
2414029,8.666666666666666,1.3333333333333333,0,8.666666666666666,9.0,0.375,7.99
2414030,8.4,1.8024691358024691,0,8.444444444444445,9.0,0.5,7.77
2414031,7.833333333333333,1.2098765432098766,0,7.888888888888889,8.0,0.0,6.33
2414032,8.466666666666667,0.24691358024691354,0,8.555555555555555,8.0,0.0,7.73
2414033,7.8,2.0987654320987654,0,7.888888888888889,9.0,0.5,7.46
2414035,8.7,0.6172839506172838,0,8.777777777777779,9.0,0.125,8.5
2414036,6.433333333333334,2.9135802469135803,0,6.555555555555555,7.0,0.25,6.02
2414037,7.1,3.111111111111111,0,7.333333333333333,8.0,0.5,6.94
2414038,7.8,0.9876543209876544,0,7.888888888888889,8.0,0.125,7.89
2414039,8.933333333333334,0.5432098765432098,0,8.88888888888889,9.0,0.125,8.55
2414040,8.7,1.0617283950617287,0,8.777777777777779,10.0,0.375,8.26
2414041,7.733333333333333,2.0987654320987654,0,7.888888888888889,8.0,0.25,7.13
2414042,7.766666666666667,1.432098765432099,0,7.888888888888889,9.0,0.375,7.08
2414043,8.633333333333333,0.8888888888888888,0,8.666666666666666,10.0,0.375,8.23
2414045,8.3,0.9135802469135802,0,8.444444444444445,9.0,0.125,7.43
2414046,8.666666666666666,0.2222222222222222,0,8.666666666666666,9.0,0.125,8.1
2414047,8.166666666666666,1.2839506172839505,0,8.222222222222221,10.0,0.25,7.37
2414048,6.566666666666666,2.444444444444444,0,6.666666666666667,7.0,0.25,6.18
2414049,7.966666666666667,1.8765432098765433,0,8.11111111111111,9.0,0.25,7.65
2414050,6.333333333333333,4.0246913580246915,0,6.555555555555555,7.0,0.375,6.37
2414051,6.333333333333333,2.0246913580246915,0,6.444444444444445,6.0,0.125,6.2
2414053,6.766666666666667,3.3333333333333335,0,7.0,7.0,0.375,6.49
2414054,4.6,10.39506172839506,2,4.777777777777778,5.0,0.125,4.2
2414055,7.5,2.2469135802469133,0,7.555555555555555,8.0,0.125,7.24
2414056,7.733333333333333,0.8395061728395061,0,7.777777777777778,8.0,0.125,7.13
2414057,7.833333333333333,1.654320987654321,0,7.888888888888889,9.0,0.375,7.04
2414058,7.9,3.209876543209876,0,7.888888888888889,9.0,0.375,7.36
2414059,8.233333333333333,0.8888888888888888,0,8.333333333333334,9.0,0.25,7.98
2414060,8.833333333333334,0.7654320987654321,0,8.88888888888889,9.0,0.25,7.82
2414061,5.8,9.333333333333334,2,5.333333333333333,7.0,-0.125,5.19
2414062,6.266666666666667,8.02469135802469,1,6.555555555555555,7.0,0.0,6.77
2414063,8.5,1.1358024691358024,0,8.555555555555555,9.0,0.25,7.87
2414064,8.266666666666667,0.6666666666666667,0,8.333333333333334,8.0,0.0,7.95
2414065,7.7,2.1728395061728394,0,7.777777777777778,9.0,0.5,7.21
2414066,7.866666666666666,2.2222222222222223,0,8.0,7.0,0.0,7.4
2414067,9.433333333333334,0.24691358024691354,0,9.444444444444445,10.0,0.125,9.05
2414068,8.966666666666667,0.8888888888888888,0,9.0,10.0,0.375,8.32
2414069,7.933333333333334,2.0987654320987654,0,8.11111111111111,9.0,0.5,7.38
2414070,8.5,0.691358024691358,0,8.555555555555555,9.0,0.125,7.92
2414071,7.1,3.506172839506173,0,7.222222222222222,7.0,0.375,5.92
2414072,8.866666666666667,0.32098765432098764,0,8.88888888888889,8.0,-0.125,8.24
2414073,7.966666666666667,2.0987654320987654,0,8.11111111111111,9.0,0.375,7.12
2414074,8.933333333333334,0.4444444444444444,0,9.0,10.0,0.25,8.38
2414075,8.866666666666667,0.54320987654321,0,8.88888888888889,10.0,0.375,7.94
2414076,5.833333333333333,7.876543209876543,1,5.888888888888889,7.0,0.375,5.75
2414077,9.566666666666666,0.24691358024691354,0,9.555555555555555,10.0,0.0,9.19
2414078,8.933333333333334,0.6666666666666666,0,9.0,10.0,0.25,8.1
2414079,7.166666666666667,2.8395061728395063,0,7.222222222222222,7.0,0.25,6.82
2414080,8.966666666666667,0.4444444444444444,0,9.0,9.0,0.125,8.42
2414081,8.2,1.5555555555555556,0,8.333333333333334,9.0,0.375,7.94
2414082,8.733333333333333,0.6666666666666667,0,8.666666666666666,9.0,0.0,8.19
2414083,8.333333333333334,1.1111111111111112,0,8.333333333333334,9.0,0.375,7.74
2414084,6.433333333333334,3.802469135802469,0,6.555555555555555,5.0,-0.125,6.73
2414085,8.933333333333334,0.6666666666666666,0,9.0,8.0,-0.125,8.3
2414086,6.6,3.2839506172839505,0,6.777777777777778,8.0,0.5,6.32
2414087,8.066666666666666,0.5432098765432098,0,8.11111111111111,9.0,0.125,7.88
2414088,6.733333333333333,3.209876543209876,0,6.888888888888889,7.0,0.375,6.69
2414089,8.7,0.8395061728395061,0,8.777777777777779,9.0,0.125,8.6
2414090,4.666666666666667,8.69135802469136,2,4.555555555555555,4.0,0.0,4.1
2414091,9.533333333333333,0.24691358024691354,0,9.555555555555555,10.0,0.125,8.94
2414092,9.1,0.9876543209876544,0,9.11111111111111,10.0,0.375,8.82
2414093,7.5,2.2469135802469133,0,7.555555555555555,9.0,0.5,7.0
2414094,9.133333333333333,1.4320987654320987,0,9.11111111111111,10.0,0.5,8.35
2414095,4.033333333333333,9.135802469135804,2,4.444444444444445,5.0,0.125,4.79
2414096,7.366666666666666,2.691358024691358,0,7.555555555555555,9.0,0.5,7.25
2414097,7.1,1.9506172839506175,0,7.222222222222222,9.0,0.5,7.04
2414098,8.433333333333334,1.1358024691358024,0,8.444444444444445,9.0,0.25,8.3
2414100,8.166666666666666,1.5061728395061726,0,8.222222222222221,9.0,0.25,8.27
2414101,8.566666666666666,2.6666666666666665,0,8.666666666666666,10.0,0.625,8.3
2414103,8.066666666666666,0.7654320987654321,0,8.11111111111111,8.0,-0.125,7.76
2414104,7.733333333333333,1.6543209876543206,0,7.888888888888889,9.0,0.5,7.55
2414105,3.9,9.11111111111111,2,4.333333333333333,0.0,-0.5,4.73
2414106,8.6,1.3333333333333333,0,8.666666666666666,10.0,0.375,8.26
2414107,8.966666666666667,0.9876543209876544,0,9.11111111111111,10.0,0.375,8.05
2414108,7.133333333333334,2.4444444444444446,0,7.333333333333333,9.0,0.5,7.08
2414109,7.8,1.432098765432099,0,7.888888888888889,9.0,0.375,7.25
2414110,5.2,6.6913580246913575,1,5.444444444444445,6.0,0.25,5.61
2414111,6.666666666666667,2.54320987654321,0,6.888888888888889,8.0,0.5,6.99
2414112,9.0,0.6666666666666666,0,9.0,10.0,0.25,8.71
2414113,7.633333333333334,3.283950617283951,0,7.777777777777778,10.0,0.625,7.58
2414114,7.833333333333333,1.432098765432099,0,7.888888888888889,9.0,0.25,7.96
2414115,7.533333333333333,1.5555555555555554,0,7.666666666666667,8.0,0.25,7.43
2414116,7.266666666666667,2.691358024691358,0,7.444444444444445,9.0,0.5,7.49
2414117,9.4,0.9135802469135802,0,9.444444444444445,10.0,0.375,9.1
2414118,8.7,1.728395061728395,0,8.777777777777779,10.0,0.375,7.55
2414119,7.3,2.691358024691358,0,7.444444444444445,9.0,0.5,6.77
2414120,6.333333333333333,3.333333333333333,0,6.666666666666667,7.0,0.375,6.32
2414121,5.1,7.80246913580247,1,5.444444444444445,5.0,0.125,4.92
2414122,9.033333333333333,0.7654320987654323,0,9.11111111111111,9.0,0.25,8.83
2414123,8.466666666666667,1.3580246913580245,0,8.555555555555555,10.0,0.375,8.6
2414124,6.266666666666667,3.358024691358025,0,6.555555555555555,6.0,0.25,6.06
2414125,8.133333333333333,1.728395061728395,0,8.222222222222221,10.0,0.375,8.33
2414126,4.666666666666667,6.888888888888889,1,5.0,4.0,0.0,5.26
2414127,5.733333333333333,7.876543209876543,1,6.111111111111111,8.0,0.5,5.99
2414128,7.966666666666667,2.765432098765432,0,8.11111111111111,10.0,0.5,8.24
2414129,7.066666666666666,1.9506172839506175,0,7.222222222222222,9.0,0.5,7.54
2414130,8.233333333333333,1.5555555555555556,0,8.333333333333334,10.0,0.5,7.93
2414131,7.733333333333333,0.9876543209876544,0,7.888888888888889,8.0,0.125,7.58
2414132,9.766666666666667,0.1728395061728395,0,9.777777777777779,10.0,0.125,9.21
2414133,6.8,3.111111111111111,0,7.0,8.0,0.375,6.83
2414135,8.333333333333334,1.3580246913580245,0,8.444444444444445,9.0,0.25,7.88
2414136,8.8,1.2098765432098766,0,8.88888888888889,10.0,0.25,8.67
2414137,8.433333333333334,1.3580246913580245,0,8.555555555555555,10.0,0.375,8.32
2414138,6.1,2.8888888888888893,0,6.333333333333333,7.0,0.25,5.82
2414139,8.633333333333333,0.6666666666666667,0,8.666666666666666,9.0,0.25,7.87
2414140,7.566666666666666,1.950617283950617,0,7.777777777777778,9.0,0.375,7.05
2414141,8.7,2.3950617283950617,0,8.777777777777779,9.0,-0.125,8.79
2414142,9.0,0.9876543209876544,0,9.11111111111111,10.0,0.25,8.43
2414143,8.333333333333334,1.3580246913580245,0,8.444444444444445,9.0,0.25,8.35
2414144,8.5,1.5802469135802468,0,8.555555555555555,9.0,0.25,8.48
2414145,9.766666666666667,0.1728395061728395,0,9.777777777777779,10.0,0.0,9.08
2414146,8.566666666666666,0.8888888888888888,0,8.666666666666666,9.0,0.125,8.29
2414147,6.1,4.246913580246914,0,6.444444444444445,8.0,0.5,6.29
2414148,7.7,2.098765432098765,0,7.888888888888889,9.0,0.25,7.74
2414149,5.4,11.876543209876543,2,5.888888888888889,7.0,0.25,6.79
2414151,8.633333333333333,0.8395061728395061,0,8.777777777777779,9.0,0.125,8.49
2414152,7.733333333333333,1.8765432098765433,0,7.888888888888889,10.0,0.5,7.7
2414153,7.5,2.6666666666666665,0,7.666666666666667,9.0,0.625,7.2
2414154,7.1,3.5555555555555554,0,7.333333333333333,10.0,0.75,6.92
2414155,8.0,0.9876543209876542,0,8.11111111111111,9.0,0.25,7.62
2414156,8.933333333333334,1.3333333333333333,0,9.0,10.0,0.5,8.3
2414157,7.833333333333333,1.5555555555555556,0,8.0,8.0,0.0,7.68
2414158,7.133333333333334,1.5555555555555554,0,7.333333333333333,7.0,0.25,6.5
2414159,7.366666666666666,2.0246913580246915,0,7.555555555555555,9.0,0.375,7.24
2414160,7.833333333333333,2.0,0,8.0,9.0,0.5,7.9
2414161,8.533333333333333,1.1358024691358024,0,8.555555555555555,10.0,0.25,8.24
2414162,6.333333333333333,3.580246913580247,0,6.555555555555555,6.0,0.25,5.94
2414163,4.8,6.839506172839505,1,5.222222222222222,5.0,0.125,4.9
2414164,2.933333333333333,10.666666666666666,4,3.3333333333333335,0.0,-0.5,3.6
2414165,9.633333333333333,0.4691358024691357,0,9.555555555555555,10.0,0.125,9.2
2414166,8.333333333333334,2.4691358024691357,0,8.444444444444445,10.0,0.375,8.86
2414167,8.933333333333334,0.6666666666666666,0,9.0,10.0,0.25,9.01
2414168,8.9,0.9876543209876544,0,8.88888888888889,10.0,0.0,8.96
2414169,9.766666666666667,0.1728395061728395,0,9.777777777777779,10.0,0.0,9.27
2414170,9.666666666666666,0.2222222222222222,0,9.666666666666666,10.0,0.125,9.24
2414171,8.466666666666667,1.3333333333333333,0,8.666666666666666,9.0,0.25,8.85
2414172,8.9,0.8888888888888888,0,9.0,8.0,0.125,8.9
2414173,8.733333333333333,0.9876543209876544,0,8.88888888888889,9.0,0.125,8.9
2414174,8.433333333333334,1.1358024691358024,0,8.555555555555555,9.0,0.25,8.79
2414175,8.866666666666667,0.7654320987654321,0,8.88888888888889,9.0,0.125,8.86
2414176,9.433333333333334,0.4691358024691357,0,9.444444444444445,10.0,0.25,9.04
2414177,8.533333333333333,1.3333333333333333,0,8.666666666666666,9.0,0.25,8.74
2414178,8.033333333333333,2.3209876543209873,0,8.11111111111111,10.0,0.375,8.62
2414179,9.166666666666666,0.3950617283950617,0,9.222222222222221,9.0,0.0,8.87
2414180,8.3,1.1358024691358024,0,8.444444444444445,9.0,0.125,8.6
2415001,8.9,0.4444444444444444,0,9.0,9.0,0.125,8.61
2415003,8.966666666666667,0.2222222222222222,0,9.0,9.0,0.125,8.58
2415004,8.5,0.8888888888888888,0,8.666666666666666,9.0,0.125,8.47
2415005,8.8,0.7654320987654321,0,8.88888888888889,8.0,0.0,7.82
2415007,9.033333333333333,0.5432098765432098,0,9.11111111111111,8.0,0.0,7.95
2415008,8.5,1.1358024691358024,0,8.555555555555555,10.0,0.375,7.81
2415010,7.833333333333333,1.5555555555555556,0,8.0,8.0,0.125,7.78
2415011,9.2,0.1728395061728395,0,9.222222222222221,9.0,0.0,8.47
2415012,8.333333333333334,1.3580246913580245,0,8.555555555555555,9.0,0.25,7.39
2415013,8.666666666666666,1.6543209876543206,0,8.88888888888889,9.0,0.375,8.6
2415014,7.433333333333334,3.5555555555555554,0,7.666666666666667,8.0,0.375,6.96
2415015,8.666666666666666,0.6172839506172838,0,8.777777777777779,8.0,-0.125,8.1
2415016,7.9,1.432098765432099,0,8.11111111111111,8.0,0.125,8.3
2415017,8.533333333333333,0.8888888888888888,0,8.666666666666666,9.0,0.25,8.25
2415018,8.166666666666666,1.0617283950617287,0,8.222222222222221,8.0,0.125,7.04
2415019,6.166666666666667,5.135802469135801,0,6.555555555555555,4.0,0.0,5.77
2415020,7.033333333333333,2.4444444444444446,0,7.333333333333333,6.0,0.0,7.18
2415021,7.766666666666667,2.54320987654321,0,8.11111111111111,7.0,0.125,6.92
2415022,9.033333333333333,0.3209876543209877,0,9.11111111111111,9.0,0.0,8.55
2415023,7.1,3.3580246913580245,0,7.444444444444445,7.0,0.375,6.63
2415024,6.466666666666667,3.728395061728395,0,6.777777777777778,4.0,-0.125,5.78
2415025,7.2,2.2469135802469133,0,7.444444444444445,7.0,0.0,6.64
2415026,8.066666666666666,0.8395061728395061,0,8.222222222222221,8.0,0.0,7.89
2415027,8.6,1.2839506172839508,0,8.777777777777779,9.0,0.25,8.42
2415028,8.4,0.691358024691358,0,8.555555555555555,8.0,0.0,7.81
2415029,9.266666666666667,0.6666666666666667,0,9.333333333333334,10.0,0.25,8.77
2415030,8.9,0.6666666666666666,0,9.0,9.0,0.125,8.16
2415031,8.833333333333334,0.8888888888888888,0,9.0,9.0,0.125,8.48
2415032,8.333333333333334,1.5802469135802468,0,8.555555555555555,7.0,0.125,7.61
2415033,7.7,1.432098765432099,0,7.888888888888889,7.0,0.125,7.06
2415034,8.5,1.3333333333333333,0,8.666666666666666,8.0,-0.125,8.25
2415035,8.1,1.5555555555555556,0,8.333333333333334,7.0,0.125,7.75
2415036,8.2,1.8024691358024691,0,8.444444444444445,7.0,0.125,7.63
2415037,9.0,0.5432098765432098,0,9.11111111111111,9.0,0.125,8.61
2415040,9.4,0.4691358024691357,0,9.444444444444445,9.0,-0.125,8.76
2415041,9.366666666666667,0.4691358024691357,0,9.444444444444445,9.0,0.0,9.01
2415043,6.266666666666667,4.444444444444445,0,6.666666666666667,7.0,0.375,6.18
2415044,7.5,1.333333333333333,0,7.666666666666667,8.0,0.125,7.41
2415045,8.0,2.3209876543209877,0,8.11111111111111,7.0,-0.25,7.25
2415046,7.333333333333333,1.5802469135802468,0,7.555555555555555,6.0,0.0,6.47
2415047,7.633333333333334,1.2839506172839508,0,7.777777777777778,8.0,0.125,6.89
2415048,8.466666666666667,0.691358024691358,0,8.555555555555555,9.0,0.125,8.05
2415049,7.466666666666667,1.9506172839506175,0,7.777777777777778,7.0,0.0,6.81
2415050,8.933333333333334,0.7654320987654321,0,9.11111111111111,8.0,0.0,8.17
2415051,9.033333333333333,0.5432098765432098,0,9.11111111111111,9.0,0.125,8.66
2415052,8.166666666666666,2.2222222222222223,0,8.333333333333334,7.0,0.125,7.52
2415053,8.266666666666667,1.5802469135802468,0,8.444444444444445,7.0,0.0,7.49
2415054,5.2,9.950617283950617,1,5.777777777777778,4.0,0.0,5.58
2415055,8.566666666666666,1.7283950617283947,0,8.777777777777779,9.0,0.25,8.12
2415056,9.066666666666666,0.7654320987654321,0,9.11111111111111,9.0,0.125,8.07
2415057,5.633333333333334,7.209876543209877,1,6.111111111111111,6.0,0.125,6.09
2415058,8.066666666666666,1.0617283950617287,0,8.222222222222221,7.0,0.0,7.81
2415059,7.566666666666666,2.2222222222222223,0,7.666666666666667,9.0,0.375,6.86
2415060,7.066666666666666,1.7283950617283952,0,7.222222222222222,7.0,0.0,6.64
2415061,6.5,3.8765432098765427,0,6.888888888888889,5.0,0.125,6.22
2415062,8.266666666666667,1.1358024691358024,0,8.444444444444445,8.0,0.125,7.58
2415063,8.8,0.7654320987654321,0,8.88888888888889,8.0,-0.125,8.08
2415064,8.833333333333334,1.1111111111111112,0,9.0,9.0,0.25,8.59
2415065,7.933333333333334,0.9876543209876544,0,8.11111111111111,7.0,0.0,7.58
2415066,9.6,0.2222222222222222,0,9.666666666666666,10.0,0.125,8.53
2415067,9.433333333333334,0.24691358024691354,0,9.444444444444445,10.0,0.125,8.55
2415068,8.133333333333333,1.5555555555555556,0,8.333333333333334,8.0,0.25,7.08
2415069,7.766666666666667,1.3333333333333333,0,8.0,8.0,0.25,7.8
2415070,8.366666666666667,2.0246913580246915,0,8.555555555555555,9.0,0.5,7.63
2415071,7.966666666666667,2.1728395061728394,0,8.222222222222221,9.0,0.25,7.12
2415072,9.533333333333333,0.4691358024691357,0,9.555555555555555,10.0,0.0,8.82
2415073,8.133333333333333,1.5061728395061729,0,8.222222222222221,9.0,0.0,7.98
2415074,8.8,0.7654320987654321,0,8.88888888888889,9.0,0.0,8.23
2415075,8.466666666666667,0.691358024691358,0,8.555555555555555,9.0,0.25,7.83
2415076,8.766666666666667,0.9876543209876544,0,8.88888888888889,9.0,0.125,8.34
2415077,9.033333333333333,0.32098765432098764,0,9.11111111111111,8.0,-0.125,8.2
2415078,8.533333333333333,1.1111111111111112,0,8.666666666666666,10.0,0.375,7.63
2415079,9.1,0.39506172839506176,0,9.222222222222221,9.0,0.125,8.42
2415080,5.566666666666666,8.666666666666666,1,6.0,0.0,-0.5,4.93
2415082,8.666666666666666,0.6172839506172838,0,8.777777777777779,9.0,0.125,7.52
2415083,9.066666666666666,0.839506172839506,0,9.222222222222221,9.0,0.25,8.06
2415084,8.033333333333333,1.2839506172839505,0,8.222222222222221,9.0,0.375,7.19
2415085,8.166666666666666,2.4444444444444446,0,8.333333333333334,9.0,0.25,7.47
2415086,9.733333333333333,0.17283950617283952,0,9.777777777777779,9.0,0.0,9.01
2415087,8.6,1.0617283950617287,0,8.777777777777779,9.0,0.25,8.37
2415088,7.6,1.728395061728395,0,7.777777777777778,7.0,0.25,7.07
2415089,8.666666666666666,0.6172839506172838,0,8.777777777777779,8.0,-0.125,7.96
2415090,8.066666666666666,2.4444444444444446,0,8.333333333333334,10.0,0.5,6.86
2415091,8.5,1.5555555555555556,0,8.666666666666666,8.0,0.25,7.8
2415093,0.0,0.0,9,0.0,0.0,0.0,5.77
2415094,9.5,0.24691358024691354,0,9.555555555555555,9.0,0.0,8.69
2415095,8.033333333333333,1.7283950617283952,0,8.222222222222221,7.0,-0.125,7.06
2415097,8.433333333333334,1.1358024691358024,0,8.555555555555555,9.0,0.125,8.46
2415098,6.5,9.950617283950617,1,6.777777777777778,5.0,-0.125,5.67
2415099,8.733333333333333,0.7654320987654322,0,8.88888888888889,9.0,0.125,8.06
2415100,3.2333333333333334,13.061728395061728,4,3.7777777777777777,0.0,-0.5,3.9
2415101,8.833333333333334,0.5432098765432098,0,8.88888888888889,8.0,-0.125,8.75
2415102,8.066666666666666,1.0617283950617287,0,8.222222222222221,8.0,0.125,8.41
2415103,9.166666666666666,0.3950617283950617,0,9.222222222222221,9.0,0.125,8.78
2415104,9.3,0.4444444444444444,0,9.333333333333334,10.0,0.25,8.86
2415105,9.6,0.2222222222222222,0,9.666666666666666,10.0,0.125,8.93
2415106,8.766666666666667,0.9876543209876544,0,8.88888888888889,10.0,0.375,8.6
2415107,9.333333333333334,0.691358024691358,0,9.444444444444445,10.0,0.25,8.77
2415108,9.266666666666667,0.6666666666666667,0,9.333333333333334,10.0,0.25,8.67
2415109,9.233333333333333,1.1111111111111112,0,9.333333333333334,10.0,0.375,8.64
2415110,9.466666666666667,0.46913580246913583,0,9.555555555555555,9.0,0.125,8.72
2416001,6.9,4.765432098765432,0,7.111111111111111,10.0,0.25,7.72
2416002,7.9,2.54320987654321,0,8.11111111111111,10.0,0.375,7.64
2416003,7.8,1.7777777777777777,0,8.0,10.0,0.375,7.66
2416004,7.466666666666667,4.0,0,7.666666666666667,10.0,0.5,7.72
2416005,7.833333333333333,1.7777777777777777,0,8.0,10.0,0.25,7.66
2416006,9.733333333333333,0.1728395061728395,0,9.777777777777779,10.0,0.125,9.63
2416007,7.466666666666667,3.111111111111111,0,7.666666666666667,10.0,0.375,7.57
2416010,7.866666666666666,1.7777777777777777,0,8.0,9.0,0.0,7.99
2416011,8.066666666666666,1.506172839506173,0,8.222222222222221,10.0,0.25,8.35
2416012,5.166666666666667,8.0,1,5.333333333333333,10.0,0.625,5.06
2416013,2.3333333333333335,16.76543209876543,6,2.888888888888889,9.0,1.125,3.59
2416014,6.833333333333333,4.888888888888889,0,7.0,10.0,0.125,6.72
2416015,5.633333333333334,2.4444444444444446,0,5.666666666666667,8.0,0.0,6.05
2416016,7.166666666666667,3.5555555555555554,0,7.333333333333333,10.0,0.625,7.33
2416017,8.266666666666667,1.8024691358024691,0,8.444444444444445,10.0,0.375,8.16
2416018,4.466666666666667,14.839506172839505,3,4.777777777777778,9.0,0.375,5.89
2416019,6.2,8.222222222222221,1,6.333333333333333,10.0,0.375,6.99
2416020,6.933333333333334,4.395061728395062,0,7.222222222222222,9.0,0.125,7.42
2416021,9.6,0.4444444444444444,0,9.666666666666666,10.0,0.125,9.52
2416022,5.266666666666667,10.91358024691358,2,5.444444444444445,10.0,0.375,5.88
2416025,5.366666666666666,9.950617283950617,1,5.777777777777778,10.0,0.75,4.98
2416026,6.7,3.9506172839506175,0,6.777777777777778,10.0,0.25,7.36
2416027,2.466666666666667,10.888888888888893,5,2.6666666666666665,9.0,0.625,4.75
2416028,4.3,12.88888888888889,3,4.666666666666667,9.0,0.375,5.65
2416029,3.2666666666666666,14.39506172839506,4,3.7777777777777777,9.0,0.625,4.25
2416030,4.066666666666666,15.80246913580247,3,4.555555555555555,10.0,0.75,5.1
2416031,6.5,4.172839506172839,0,6.777777777777778,9.0,0.25,6.6
2416033,4.866666666666666,7.061728395061729,1,5.222222222222222,9.0,0.625,5.18
2416034,7.433333333333334,2.9135802469135803,0,7.444444444444445,10.0,0.125,7.88
2416035,7.7,2.54320987654321,0,7.888888888888889,10.0,0.5,7.69
2416036,3.533333333333333,15.876543209876543,4,4.111111111111111,9.0,1.125,4.81
2416037,5.7,8.098765432098766,1,6.111111111111111,9.0,1.125,6.41
2416038,8.166666666666666,2.4444444444444446,0,8.333333333333334,10.0,0.375,7.52
2416039,8.466666666666667,2.4691358024691357,0,8.555555555555555,10.0,0.0,8.57
2416040,4.833333333333333,13.061728395061728,2,5.222222222222222,10.0,0.75,5.47
2416043,8.833333333333334,1.950617283950617,0,8.777777777777779,10.0,0.0,8.61
2416044,4.433333333333334,9.333333333333334,2,4.666666666666667,9.0,0.625,5.28
2416045,7.333333333333333,3.580246913580247,0,7.444444444444445,10.0,0.25,7.06
2416048,5.433333333333334,13.283950617283953,2,5.777777777777778,10.0,0.375,6.0
2416049,7.233333333333333,2.2469135802469133,0,7.444444444444445,9.0,0.375,7.08
2416050,5.333333333333333,7.333333333333333,1,5.666666666666667,9.0,0.375,6.05
2416051,5.2,9.11111111111111,1,5.666666666666667,9.0,1.125,5.2
2416052,5.633333333333334,6.543209876543211,1,5.888888888888889,9.0,0.375,6.18
2416053,7.966666666666667,2.3209876543209877,0,8.11111111111111,10.0,0.375,7.86
2416054,6.733333333333333,2.765432098765432,0,6.888888888888889,9.0,0.125,7.31
2416055,7.233333333333333,3.135802469135802,0,7.444444444444445,9.0,0.125,7.31
2416056,5.633333333333334,8.987654320987655,1,6.111111111111111,9.0,0.5,6.47
2416057,2.8333333333333335,11.654320987654321,5,2.888888888888889,9.0,1.125,5.3
2416058,5.633333333333334,7.65432098765432,1,5.888888888888889,9.0,0.125,6.69
2416059,6.5,3.5555555555555554,0,6.666666666666667,9.0,0.25,6.93
2416060,7.166666666666667,2.2222222222222223,0,7.333333333333333,9.0,0.125,7.28
2416061,8.533333333333333,1.3333333333333333,0,8.666666666666666,9.0,0.125,7.63
2416062,5.4,11.777777777777779,2,5.666666666666667,9.0,0.125,6.16
2416063,2.1333333333333333,8.88888888888889,5,2.3333333333333335,9.0,1.125,2.23
2416064,6.733333333333333,3.111111111111111,0,7.0,9.0,0.25,6.82
2416065,6.8,4.54320987654321,0,7.111111111111111,9.0,0.125,6.94
2416066,8.1,1.5061728395061726,0,8.222222222222221,9.0,0.125,8.08
2416067,5.133333333333334,12.88888888888889,2,5.666666666666667,10.0,1.25,6.37
2416068,5.8,8.395061728395062,1,6.222222222222222,9.0,0.375,6.33
2416069,5.833333333333333,3.5555555555555554,0,6.0,9.0,0.375,6.22
2416070,6.666666666666667,3.506172839506173,0,6.777777777777778,10.0,0.375,6.77
2416072,8.166666666666666,1.2839506172839508,0,8.222222222222221,9.0,0.0,7.78
2416073,1.4666666666666666,8.69135802469136,7,1.5555555555555556,8.0,1.0,3.48
2416075,7.333333333333333,3.5555555555555554,0,7.666666666666667,9.0,0.5,7.27
2416076,7.9,2.0987654320987654,0,8.11111111111111,10.0,0.25,7.25
2416077,7.466666666666667,1.7777777777777777,0,7.666666666666667,9.0,0.25,7.88
2416078,7.1,4.0246913580246915,0,7.444444444444445,9.0,0.125,6.78
2416079,6.833333333333333,2.2222222222222223,0,7.0,9.0,0.125,7.36
2416080,7.366666666666666,3.358024691358025,0,7.555555555555555,9.0,0.375,7.29
2416081,7.2,3.111111111111111,0,7.333333333333333,9.0,0.125,7.6
2416082,7.233333333333333,2.4691358024691357,0,7.444444444444445,9.0,0.125,7.19
2416083,5.166666666666667,6.246913580246914,1,5.444444444444445,8.0,0.5,4.89
2416084,4.0,13.358024691358025,3,4.555555555555555,9.0,1.125,5.07
2416085,7.666666666666667,2.8395061728395063,0,7.777777777777778,9.0,0.25,7.66
2416086,6.733333333333333,2.987654320987654,0,6.888888888888889,9.0,0.25,7.02
2416087,6.866666666666666,2.2222222222222223,0,7.0,9.0,0.125,6.93
2416088,3.8666666666666667,12.69135802469136,3,4.444444444444445,9.0,1.125,4.86
2416089,7.366666666666666,3.135802469135802,0,7.555555555555555,9.0,0.0,7.89
2416090,7.066666666666666,4.6913580246913575,0,7.444444444444445,9.0,0.25,7.04
2416091,9.433333333333334,1.1358024691358024,0,9.444444444444445,10.0,0.0,9.33
2416092,8.533333333333333,2.0,0,8.666666666666666,10.0,0.125,8.18
2416093,6.1,3.5555555555555554,0,6.333333333333333,9.0,0.25,6.37
2416094,7.333333333333333,2.246913580246914,0,7.444444444444445,8.0,0.0,7.48
2416095,6.666666666666667,2.0987654320987654,0,6.888888888888889,8.0,0.125,6.94
2416097,4.933333333333334,9.555555555555555,2,5.0,9.0,0.375,4.2
2416098,7.633333333333334,2.54320987654321,0,7.888888888888889,9.0,0.125,7.28
2416099,2.066666666666667,13.580246913580247,6,2.5555555555555554,8.0,1.0,2.84
2416100,6.966666666666667,2.8395061728395063,0,7.222222222222222,9.0,0.375,6.96
2416101,5.766666666666667,3.5555555555555554,0,6.0,8.0,0.125,5.92
2416102,8.5,1.7777777777777777,0,8.666666666666666,9.0,0.0,8.11
2416103,7.366666666666666,1.8024691358024691,0,7.555555555555555,8.0,0.125,7.17
2416104,9.633333333333333,0.2222222222222222,0,9.666666666666666,9.0,0.0,9.2
2416107,9.166666666666666,0.839506172839506,0,9.222222222222221,10.0,0.25,8.14
2416108,7.633333333333334,2.765432098765432,0,7.888888888888889,9.0,0.0,7.16
2416109,5.266666666666667,7.358024691358024,1,5.555555555555555,8.0,0.375,4.95
2416110,7.733333333333333,1.432098765432099,0,7.888888888888889,9.0,0.25,6.7
2416111,7.066666666666666,2.765432098765432,0,7.111111111111111,9.0,0.125,7.34
2416112,4.333333333333333,9.580246913580247,2,4.555555555555555,8.0,0.5,4.65
2416113,7.666666666666667,2.1728395061728394,0,7.777777777777778,9.0,0.125,7.96
2416115,6.933333333333334,2.8395061728395063,0,7.222222222222222,8.0,0.0,7.95
2416117,7.0,2.54320987654321,0,7.111111111111111,9.0,0.0,7.45
2416118,5.433333333333334,8.617283950617285,1,5.777777777777778,8.0,0.25,5.61
2416119,7.5,2.6172839506172836,0,7.777777777777778,9.0,0.125,7.13
2416120,1.5333333333333334,9.876543209876543,6,2.111111111111111,0.0,-0.5,2.63
2416121,8.1,1.0617283950617287,0,8.222222222222221,9.0,0.0,8.55
2416122,6.333333333333333,2.2469135802469133,0,6.555555555555555,8.0,0.125,7.16
2416124,7.666666666666667,1.7283950617283952,0,7.777777777777778,9.0,0.0,7.84
2416125,7.533333333333333,3.7777777777777777,0,7.666666666666667,10.0,0.25,7.57
2416127,7.866666666666666,1.8765432098765433,0,8.11111111111111,9.0,0.125,7.88
2416128,4.3,14.39506172839506,3,4.777777777777778,8.0,0.5,5.2
2416129,6.9,8.17283950617284,1,7.222222222222222,10.0,0.375,7.13
2416130,7.666666666666667,3.2098765432098757,0,7.888888888888889,8.0,-0.125,8.07
2416131,5.3,7.555555555555555,1,5.666666666666667,9.0,0.5,5.28
2416132,7.333333333333333,2.2469135802469133,0,7.444444444444445,9.0,0.0,7.77
2416133,7.666666666666667,4.098765432098766,0,7.888888888888889,10.0,0.125,7.96
2416134,4.9,10.666666666666666,2,5.333333333333333,8.0,0.125,6.87
2416135,8.5,1.8024691358024691,0,8.555555555555555,9.0,-0.125,8.22
2416136,7.7,2.54320987654321,0,7.888888888888889,9.0,0.0,7.69
2416137,7.233333333333333,4.0246913580246915,0,7.555555555555555,9.0,0.125,7.93
2416139,8.266666666666667,1.1111111111111112,0,8.333333333333334,10.0,0.25,7.95
2416140,8.133333333333333,2.1728395061728394,0,8.222222222222221,9.0,0.0,8.19
2416141,7.266666666666667,3.802469135802469,0,7.444444444444445,9.0,0.125,7.81
2416142,6.6,8.172839506172842,1,6.777777777777778,9.0,0.125,7.3
2416146,6.866666666666666,5.506172839506173,0,7.222222222222222,10.0,0.5,6.77
2416147,7.033333333333333,4.666666666666667,0,7.333333333333333,10.0,0.25,7.8
2416148,7.333333333333333,2.0246913580246915,0,7.444444444444445,9.0,0.0,7.69
2416149,7.233333333333333,8.913580246913579,1,7.555555555555555,10.0,0.25,7.49
2416150,6.433333333333334,4.444444444444445,0,6.666666666666667,9.0,0.125,6.43
2416151,6.833333333333333,10.0,1,7.0,10.0,0.125,7.43
2416152,7.233333333333333,3.3580246913580245,0,7.444444444444445,10.0,0.25,6.92
2416153,6.766666666666667,3.3333333333333335,0,7.0,9.0,0.25,6.6
2416154,7.066666666666666,4.666666666666667,0,7.333333333333333,10.0,0.25,6.58
2416155,6.066666666666666,8.469135802469136,1,6.444444444444445,9.0,0.125,6.94
2416156,5.533333333333333,8.839506172839506,1,5.777777777777778,9.0,0.375,5.51
2416158,6.966666666666667,4.839506172839506,0,7.222222222222222,9.0,0.0,7.39
2416159,3.6,14.666666666666666,4,4.0,8.0,0.375,4.16
2416160,3.7,12.666666666666666,3,4.333333333333333,8.0,0.5,4.58
2416161,3.466666666666667,15.432098765432094,4,3.888888888888889,9.0,0.625,4.54
2416162,3.8666666666666667,13.555555555555557,3,4.333333333333333,9.0,0.625,4.51
2416163,2.3333333333333335,16.76543209876543,6,2.888888888888889,9.0,1.125,4.43
2416164,3.6,15.876543209876543,4,4.111111111111111,9.0,0.375,4.81
2416165,2.4,18.0,6,3.0,9.0,1.125,3.71
